<?xml version="1.0"?>
<doc>
    <assembly>
        <name>Q42.Wheels.Sql</name>
    </assembly>
    <members>
        <member name="T:Q42.Wheels.Sql.DatabaseInfo">
            <summary>
            Contains connection name and table information.
            </summary>
        </member>
        <member name="T:Q42.Wheels.Sql.TableInfo">
            <summary>
            Contains table name and columns.
            </summary>
        </member>
        <member name="T:Q42.Wheels.Sql.ColumnInfo">
            <summary>
            Contains useful column information.
            </summary>
        </member>
        <member name="T:Q42.Wheels.Sql.SqlDriver">
            <summary>
            SqlDriver is the abstract class for Sql driver instances.
            </summary>
        </member>
        <member name="M:Q42.Wheels.Sql.SqlDriver.#ctor">
            <summary>
            Inaccessible constructor so invalid connections cannot be created.
            </summary>
        </member>
        <member name="F:Q42.Wheels.Sql.SqlDriver.connectionString">
            <summary>The connectionString to connect to the current Connection.</summary>
        </member>
        <member name="F:Q42.Wheels.Sql.SqlDriver.databaseInfo">
            <summary>The information object for tables and columns.</summary>
        </member>
        <member name="M:Q42.Wheels.Sql.SqlDriver.GetConnection">
            <summary>
            Gets the <c>IDbConnection</c> for the current connection type.
            </summary>
            <returns>The <c>IDbConnection</c> for the current connection type.</returns>
        </member>
        <member name="M:Q42.Wheels.Sql.SqlDriver.InitializeDatabaseInfo">
            <summary>
            Initializes the DatabaseInfo object with its proper values. This is very connection
            specific, so it needs to be implemented by each instance.
            </summary>
        </member>
        <member name="P:Q42.Wheels.Sql.SqlDriver.ConnectionString">
            <summary>
            The connection string.
            </summary>
        </member>
        <member name="P:Q42.Wheels.Sql.SqlDriver.DatabaseInfo">
            <summary>
            Gets the databaseInfo containing tableInfo and columnInfo (contains keys and such).
            </summary>
        </member>
        <member name="P:Q42.Wheels.Sql.SqlDriver.ParameterPrefix">
            <summary>
            Gets the parameter prefix for the current connection, such as "?" or "@".
            </summary>
        </member>
        <member name="P:Q42.Wheels.Sql.SqlDriver.IdentityQuery">
            <summary>
            Gets the connection-specific query for retrieving the last inserted id.
            </summary>
        </member>
        <member name="T:Q42.Wheels.Sql.Sqlite.SqliteDriver">
            <summary>
            Class that enables connecting to and querying Sqlite connections.
            </summary>
        </member>
        <member name="F:Q42.Wheels.Sql.Sqlite.SqliteDriver.SqliteConnectionType">
            <summary>
            Reflection types to instantiate
            </summary>
        </member>
        <member name="M:Q42.Wheels.Sql.Sqlite.SqliteDriver.#ctor(System.String)">
            <summary>
            Initializes the SqliteDriver instance with the given connectionstring.
            </summary>
            <param name="connectionString">The connectionstring with which to connect to the connection.</param>
        </member>
        <member name="M:Q42.Wheels.Sql.Sqlite.SqliteDriver.GetConnection">
            <summary>
            Gets the <c>IDbConnection</c> for the current connection type.
            </summary>
            <returns>The <c>IDbConnection</c> for the current connection type.</returns>
        </member>
        <member name="M:Q42.Wheels.Sql.Sqlite.SqliteDriver.InitializeDatabaseInfo">
            <summary>
            Initializes the DatabaseInfo object with its proper values. This is very connection
            specific, so it needs to be implemented by each instance.
            </summary>
        </member>
        <member name="P:Q42.Wheels.Sql.Sqlite.SqliteDriver.ParameterPrefix">
            <summary>
            Gets the parameter prefix for the current connection, such as "?" or "@".
            </summary>
        </member>
        <member name="P:Q42.Wheels.Sql.Sqlite.SqliteDriver.IdentityQuery">
            <summary>
            Gets the connection-specific query for retrieving the last inserted id.
            </summary>
        </member>
        <member name="T:Q42.Wheels.Sql.SqlServer.SqlServerDriver">
            <summary>
            Class that enables connecting to and querying SqlServer connections.
            </summary>
        </member>
        <member name="M:Q42.Wheels.Sql.SqlServer.SqlServerDriver.#ctor(System.String)">
            <summary>
            Initializes the SqlServer Driver instance with the given connectionstring.
            </summary>
            <param name="connectionString">The connectionstring with which to connect to the connection.</param>
        </member>
        <member name="M:Q42.Wheels.Sql.SqlServer.SqlServerDriver.GetConnection">
            <summary>
            Gets the <c>IDbConnection</c> for the current connection type.
            </summary>
            <returns>The <c>IDbConnection</c> for the current connection type.</returns>
        </member>
        <member name="M:Q42.Wheels.Sql.SqlServer.SqlServerDriver.InitializeDatabaseInfo">
            <summary>
            Initializes the DatabaseInfo object with its proper values. This is very connection
            specific, so it needs to be implemented by each instance.
            </summary>
        </member>
        <member name="P:Q42.Wheels.Sql.SqlServer.SqlServerDriver.ParameterPrefix">
            <summary>
            Gets the parameter prefix for the current connection, such as "?" or "@".
            </summary>
        </member>
        <member name="P:Q42.Wheels.Sql.SqlServer.SqlServerDriver.IdentityQuery">
            <summary>
            Gets the connection-specific query for retrieving the last inserted id.
            </summary>
        </member>
        <member name="T:Q42.Wheels.Sql.SqlQuery">
            <summary>
            Query object for executing a parameterized sql query and retrieving a single Record, or
            a RecordList.
            </summary>
        </member>
        <member name="M:Q42.Wheels.Sql.SqlQuery.#ctor(Q42.Wheels.Sql.SqlDriver)">
            <summary>
            Constructor, requiring a SqlDriver instance.
            </summary>
            <param name="drv">SqlDriver instance.</param>
        </member>
        <member name="M:Q42.Wheels.Sql.SqlQuery.#ctor(Q42.Wheels.Sql.SqlDriver,System.String)">
            <summary>
            Constructor, requiring a SqlDriver instance and the sql query.
            </summary>
            <param name="drv">SqlDriver instance.</param>
            <param name="query">Sql query.</param>
        </member>
        <member name="M:Q42.Wheels.Sql.SqlQuery.AddParameter(System.String,System.Object)">
            <summary>
            Adds a named parameter to the sql query. Be sure to reference it in the
            query itself by ?name.
            </summary>
            <param name="name">Name of the parameter.</param>
            <param name="value">The object to use.</param>
        </member>
        <member name="M:Q42.Wheels.Sql.SqlQuery.HasParameter(System.String)">
            <summary>
            Returns true if the named parameter already exists in the query. You should rename it.
            </summary>
            <param name="name">Name of the parameter.</param>
        </member>
        <member name="M:Q42.Wheels.Sql.SqlQuery.Execute">
            <summary>
            Executes the query without returning any data.
            </summary>
        </member>
        <member name="M:Q42.Wheels.Sql.SqlQuery.GetRecord">
            <summary>
            Executes the query and retrieves a single Record object, holding the data retrieved.
            </summary>
            <returns></returns>
        </member>
        <member name="M:Q42.Wheels.Sql.SqlQuery.GetRecordList">
            <summary>
            Executes the query and returns the data in a RecordList, which is of course a List
            of Record objects.
            </summary>
            <returns>RecordList.</returns>
        </member>
        <member name="M:Q42.Wheels.Sql.SqlQuery.GetRecordList(System.Int32,System.Int32)">
            <summary>
            Executes the query and returns the data in a RecordList, which is of course a List
            of Record objects.
            </summary>
            <param name="offset">The offset to start at.</param>
            <param name="count">The amount of objects to return.</param>
            <returns>RecordList.</returns>
        </member>
        <member name="P:Q42.Wheels.Sql.SqlQuery.Query">
            <summary>
            The Sql query to execute.
            </summary>
        </member>
        <member name="P:Q42.Wheels.Sql.SqlQuery.Drv">
            <summary>
            The SqlDriver that this query will be executed at.
            </summary>
        </member>
        <member name="T:Q42.Wheels.Sql.RecordList">
            <summary>
            The base list to hold connection specific <c>Record</c> obects.
            </summary>
        </member>
        <member name="M:Q42.Wheels.Sql.RecordList.#ctor(System.Data.IDataReader)">
            <summary>
            Initializes a new instance and uses the given <c>IDataReader</c> to fill itself with 
            <c>Record</c> objects.
            </summary>
            <param name="rdr">Reader over a recordset.</param>
        </member>
        <member name="M:Q42.Wheels.Sql.RecordList.GetRecord(System.Data.IDataReader)">
            <summary>
            Returns a connection specific <c>Record</c> object by reading the first row of the reader.
            </summary>
            <param name="rdr">Reader over a recordset.</param>
            <returns>Instance of a <c>Record</c>.</returns>
        </member>
        <member name="P:Q42.Wheels.Sql.RecordList.Item(System.Int32)">
            <summary>
            Returns the <c>Record</c> at the given index of the current list.
            </summary>
            <param name="index">The zero-based index from which to retrieve the Record.</param>
            <returns>A Record object at the given index of the list.</returns>
        </member>
        <member name="T:Q42.Wheels.Sql.Record">
            <summary>
            Base class for all connection specific Record objects. A record is a row from the connection, 
            represented in a key value pair, with the column name being the key, and the column value 
            being the column value.
            </summary>
        </member>
        <member name="M:Q42.Wheels.Sql.Record.#ctor(System.Data.IDataReader)">
            <summary>
            Creates a new Record by reader. This operation performs no
            semi-intelligent type conversions, but does a raw sql-to-object.
            </summary>
            <param name="rdr">Data reader over the original record.</param>
        </member>
        <member name="T:Q42.Wheels.Sql.Oracle.OracleDriver">
            <summary>
            Class that enables connecting to and querying Oracle connections.
            </summary>
        </member>
        <member name="M:Q42.Wheels.Sql.Oracle.OracleDriver.#ctor(System.String)">
            <summary>
            Initializes the OracleDriver instance with the given connectionstring.
            </summary>
            <param name="connectionString">The connectionstring with which to connect to the connection.</param>
        </member>
        <member name="M:Q42.Wheels.Sql.Oracle.OracleDriver.GetConnection">
            <summary>
            Gets the <c>IDbConnection</c> for the current connection type.
            </summary>
            <returns>The <c>IDbConnection</c> for the current connection type.</returns>
        </member>
        <member name="M:Q42.Wheels.Sql.Oracle.OracleDriver.InitializeDatabaseInfo">
            <summary>
            Initializes the DatabaseInfo object with its proper values. This is very connection
            specific, so it needs to be implemented by each instance.
            </summary>
        </member>
        <member name="P:Q42.Wheels.Sql.Oracle.OracleDriver.ParameterPrefix">
            <summary>
            Gets the parameter prefix for the current connection, such as "?" or "@".
            </summary>
        </member>
        <member name="P:Q42.Wheels.Sql.Oracle.OracleDriver.IdentityQuery">
            <summary>
            Gets the connection-specific query for retrieving the last inserted id.
            </summary>
        </member>
        <member name="T:Q42.Wheels.Sql.MySql.MySqlDriver">
            <summary>
            Class that enables connecting to and querying MySql connections.
            </summary>
        </member>
        <member name="F:Q42.Wheels.Sql.MySql.MySqlDriver.mySqlConnectionType">
            <summary>
            Reflection types to instantiate
            </summary>
        </member>
        <member name="M:Q42.Wheels.Sql.MySql.MySqlDriver.#ctor(System.String)">
            <summary>
            Initializes the MySqlDriver instance with the given connectionstring.
            </summary>
            <param name="connectionString">The connectionstring with which to connect to the connection.</param>
        </member>
        <member name="M:Q42.Wheels.Sql.MySql.MySqlDriver.GetConnection">
            <summary>
            Gets the <c>IDbConnection</c> for the current connection type.
            </summary>
            <returns>The <c>IDbConnection</c> for the current connection type.</returns>
        </member>
        <member name="M:Q42.Wheels.Sql.MySql.MySqlDriver.InitializeDatabaseInfo">
            <summary>
            Initializes the DatabaseInfo object with its proper values. This is very connection
            specific, so it needs to be implemented by each instance.
            </summary>
        </member>
        <member name="P:Q42.Wheels.Sql.MySql.MySqlDriver.ParameterPrefix">
            <summary>
            Gets the parameter prefix for the current connection, such as "?" or "@".
            </summary>
        </member>
        <member name="P:Q42.Wheels.Sql.MySql.MySqlDriver.IdentityQuery">
            <summary>
            Gets the connection-specific query for retrieving the last inserted id.
            </summary>
        </member>
    </members>
</doc>
